week,meanRt,lowerRt,upperRt,totalIterations,runTime,reportedWeeklyI,weeklyI,trueR
1,NaN,NaN,NaN,NaN,NaN,NaN,NaN,NaN
2,NaN,NaN,NaN,NaN,NaN,NaN,NaN,NaN
3,NaN,NaN,NaN,NaN,NaN,NaN,NaN,NaN
4,NaN,NaN,NaN,NaN,NaN,NaN,NaN,NaN
5,NaN,NaN,NaN,NaN,NaN,NaN,NaN,NaN
6,NaN,NaN,NaN,NaN,NaN,NaN,NaN,NaN
7,NaN,NaN,NaN,NaN,NaN,NaN,NaN,NaN
8,NaN,NaN,NaN,NaN,NaN,NaN,NaN,NaN
9,NaN,NaN,NaN,NaN,NaN,NaN,NaN,NaN
10,NaN,NaN,NaN,NaN,NaN,NaN,NaN,NaN
11,NaN,NaN,NaN,NaN,NaN,NaN,NaN,NaN
1,NaN,NaN,NaN,NaN,NaN,NaN,NaN,NaN
2,NaN,NaN,NaN,NaN,NaN,NaN,NaN,NaN
3,NaN,NaN,NaN,NaN,NaN,NaN,NaN,NaN
4,NaN,NaN,NaN,NaN,NaN,NaN,NaN,NaN
5,NaN,NaN,NaN,NaN,NaN,NaN,NaN,NaN
6,NaN,NaN,NaN,NaN,NaN,NaN,NaN,NaN
7,NaN,NaN,NaN,NaN,NaN,NaN,NaN,NaN
8,NaN,NaN,NaN,NaN,NaN,NaN,NaN,NaN
9,NaN,NaN,NaN,NaN,NaN,NaN,NaN,NaN
10,NaN,NaN,NaN,NaN,NaN,NaN,NaN,NaN
11,NaN,NaN,NaN,NaN,NaN,NaN,NaN,NaN
1,NaN,NaN,NaN,NaN,NaN,NaN,NaN,NaN
2,NaN,NaN,NaN,NaN,NaN,NaN,NaN,NaN
3,NaN,NaN,NaN,NaN,NaN,NaN,NaN,NaN
4,NaN,NaN,NaN,NaN,NaN,NaN,NaN,NaN
5,NaN,NaN,NaN,NaN,NaN,NaN,NaN,NaN
6,NaN,NaN,NaN,NaN,NaN,NaN,NaN,NaN
7,NaN,NaN,NaN,NaN,NaN,NaN,NaN,NaN
8,NaN,NaN,NaN,NaN,NaN,NaN,NaN,NaN
9,NaN,NaN,NaN,NaN,NaN,NaN,NaN,NaN
10,NaN,NaN,NaN,NaN,NaN,NaN,NaN,NaN
11,NaN,NaN,NaN,NaN,NaN,NaN,NaN,NaN
1,NaN,NaN,NaN,NaN,NaN,NaN,NaN,NaN
2,NaN,NaN,NaN,NaN,NaN,NaN,NaN,NaN
3,NaN,NaN,NaN,NaN,NaN,NaN,NaN,NaN
4,NaN,NaN,NaN,NaN,NaN,NaN,NaN,NaN
5,NaN,NaN,NaN,NaN,NaN,NaN,NaN,NaN
6,NaN,NaN,NaN,NaN,NaN,NaN,NaN,NaN
7,NaN,NaN,NaN,NaN,NaN,NaN,NaN,NaN
8,NaN,NaN,NaN,NaN,NaN,NaN,NaN,NaN
9,NaN,NaN,NaN,NaN,NaN,NaN,NaN,NaN
10,NaN,NaN,NaN,NaN,NaN,NaN,NaN,NaN
11,NaN,NaN,NaN,NaN,NaN,NaN,NaN,NaN
1,NaN,NaN,NaN,0.0,0.0,54.0,113.0,0.788597398856279
2,0.36616045484455717,0.13374191547785197,0.7189552696838339,105806.0,2.395976083,5.0,11.0,0.413479509302622
3,2.116557241119356,1.4937802295093012,2.860214137054235,145543.0,1.094146361,43.0,59.0,1.83408509482631
4,2.545349130242104,1.9527263017272112,3.236690195382122,158128.0,1.895493119,71.0,129.0,2.55015685083809
5,0.24644954979989114,0.11932778434754034,0.42385463864555206,109097.0,1.692887756,9.0,18.0,0.325197713258436
6,0.516119600707207,0.31235420277693005,0.779052367171183,113207.0,2.623257208,18.0,29.0,0.559193405877145
7,1.2954620808952202,0.9050264101898472,1.7597327190476912,127335.0,3.010141509,37.0,67.0,1.18372225232323
8,1.7565345204448506,1.2953346897408204,2.2910744482287217,138211.0,3.140186534,52.0,105.0,2.14474376846968
9,1.1112915302821338,0.7915806275689573,1.494607972964211,124222.0,3.364087776,40.0,80.0,1.00085532814407
10,0.8241351445184273,0.560969728774397,1.1382752393173743,119638.0,2.259906859,32.0,52.0,0.625365278062987
11,1.7700992192245395,1.371680510078503,2.233267017121634,141032.0,2.697186847,71.0,131.0,1.46179688779046
1,NaN,NaN,NaN,NaN,NaN,NaN,NaN,NaN
2,NaN,NaN,NaN,NaN,NaN,NaN,NaN,NaN
3,NaN,NaN,NaN,NaN,NaN,NaN,NaN,NaN
4,NaN,NaN,NaN,NaN,NaN,NaN,NaN,NaN
5,NaN,NaN,NaN,NaN,NaN,NaN,NaN,NaN
6,NaN,NaN,NaN,NaN,NaN,NaN,NaN,NaN
7,NaN,NaN,NaN,NaN,NaN,NaN,NaN,NaN
8,NaN,NaN,NaN,NaN,NaN,NaN,NaN,NaN
9,NaN,NaN,NaN,NaN,NaN,NaN,NaN,NaN
10,NaN,NaN,NaN,NaN,NaN,NaN,NaN,NaN
11,NaN,NaN,NaN,NaN,NaN,NaN,NaN,NaN
1,NaN,NaN,NaN,NaN,NaN,NaN,NaN,NaN
2,NaN,NaN,NaN,NaN,NaN,NaN,NaN,NaN
3,NaN,NaN,NaN,NaN,NaN,NaN,NaN,NaN
4,NaN,NaN,NaN,NaN,NaN,NaN,NaN,NaN
5,NaN,NaN,NaN,NaN,NaN,NaN,NaN,NaN
6,NaN,NaN,NaN,NaN,NaN,NaN,NaN,NaN
7,NaN,NaN,NaN,NaN,NaN,NaN,NaN,NaN
8,NaN,NaN,NaN,NaN,NaN,NaN,NaN,NaN
9,NaN,NaN,NaN,NaN,NaN,NaN,NaN,NaN
10,NaN,NaN,NaN,NaN,NaN,NaN,NaN,NaN
11,NaN,NaN,NaN,NaN,NaN,NaN,NaN,NaN
1,NaN,NaN,NaN,NaN,NaN,NaN,NaN,NaN
2,NaN,NaN,NaN,NaN,NaN,NaN,NaN,NaN
3,NaN,NaN,NaN,NaN,NaN,NaN,NaN,NaN
4,NaN,NaN,NaN,NaN,NaN,NaN,NaN,NaN
5,NaN,NaN,NaN,NaN,NaN,NaN,NaN,NaN
6,NaN,NaN,NaN,NaN,NaN,NaN,NaN,NaN
7,NaN,NaN,NaN,NaN,NaN,NaN,NaN,NaN
8,NaN,NaN,NaN,NaN,NaN,NaN,NaN,NaN
9,NaN,NaN,NaN,NaN,NaN,NaN,NaN,NaN
10,NaN,NaN,NaN,NaN,NaN,NaN,NaN,NaN
11,NaN,NaN,NaN,NaN,NaN,NaN,NaN,NaN
1,NaN,NaN,NaN,NaN,NaN,NaN,NaN,NaN
2,NaN,NaN,NaN,NaN,NaN,NaN,NaN,NaN
3,NaN,NaN,NaN,NaN,NaN,NaN,NaN,NaN
4,NaN,NaN,NaN,NaN,NaN,NaN,NaN,NaN
5,NaN,NaN,NaN,NaN,NaN,NaN,NaN,NaN
6,NaN,NaN,NaN,NaN,NaN,NaN,NaN,NaN
7,NaN,NaN,NaN,NaN,NaN,NaN,NaN,NaN
8,NaN,NaN,NaN,NaN,NaN,NaN,NaN,NaN
9,NaN,NaN,NaN,NaN,NaN,NaN,NaN,NaN
10,NaN,NaN,NaN,NaN,NaN,NaN,NaN,NaN
11,NaN,NaN,NaN,NaN,NaN,NaN,NaN,NaN
1,NaN,NaN,NaN,NaN,NaN,NaN,NaN,NaN
2,NaN,NaN,NaN,NaN,NaN,NaN,NaN,NaN
3,NaN,NaN,NaN,NaN,NaN,NaN,NaN,NaN
4,NaN,NaN,NaN,NaN,NaN,NaN,NaN,NaN
5,NaN,NaN,NaN,NaN,NaN,NaN,NaN,NaN
6,NaN,NaN,NaN,NaN,NaN,NaN,NaN,NaN
7,NaN,NaN,NaN,NaN,NaN,NaN,NaN,NaN
8,NaN,NaN,NaN,NaN,NaN,NaN,NaN,NaN
9,NaN,NaN,NaN,NaN,NaN,NaN,NaN,NaN
10,NaN,NaN,NaN,NaN,NaN,NaN,NaN,NaN
11,NaN,NaN,NaN,NaN,NaN,NaN,NaN,NaN
1,NaN,NaN,NaN,NaN,NaN,NaN,NaN,NaN
2,NaN,NaN,NaN,NaN,NaN,NaN,NaN,NaN
3,NaN,NaN,NaN,NaN,NaN,NaN,NaN,NaN
4,NaN,NaN,NaN,NaN,NaN,NaN,NaN,NaN
5,NaN,NaN,NaN,NaN,NaN,NaN,NaN,NaN
6,NaN,NaN,NaN,NaN,NaN,NaN,NaN,NaN
7,NaN,NaN,NaN,NaN,NaN,NaN,NaN,NaN
8,NaN,NaN,NaN,NaN,NaN,NaN,NaN,NaN
9,NaN,NaN,NaN,NaN,NaN,NaN,NaN,NaN
10,NaN,NaN,NaN,NaN,NaN,NaN,NaN,NaN
11,NaN,NaN,NaN,NaN,NaN,NaN,NaN,NaN
1,NaN,NaN,NaN,NaN,NaN,NaN,NaN,NaN
2,NaN,NaN,NaN,NaN,NaN,NaN,NaN,NaN
3,NaN,NaN,NaN,NaN,NaN,NaN,NaN,NaN
4,NaN,NaN,NaN,NaN,NaN,NaN,NaN,NaN
5,NaN,NaN,NaN,NaN,NaN,NaN,NaN,NaN
6,NaN,NaN,NaN,NaN,NaN,NaN,NaN,NaN
7,NaN,NaN,NaN,NaN,NaN,NaN,NaN,NaN
8,NaN,NaN,NaN,NaN,NaN,NaN,NaN,NaN
9,NaN,NaN,NaN,NaN,NaN,NaN,NaN,NaN
10,NaN,NaN,NaN,NaN,NaN,NaN,NaN,NaN
11,NaN,NaN,NaN,NaN,NaN,NaN,NaN,NaN
1,NaN,NaN,NaN,NaN,NaN,NaN,NaN,NaN
2,NaN,NaN,NaN,NaN,NaN,NaN,NaN,NaN
3,NaN,NaN,NaN,NaN,NaN,NaN,NaN,NaN
4,NaN,NaN,NaN,NaN,NaN,NaN,NaN,NaN
5,NaN,NaN,NaN,NaN,NaN,NaN,NaN,NaN
6,NaN,NaN,NaN,NaN,NaN,NaN,NaN,NaN
7,NaN,NaN,NaN,NaN,NaN,NaN,NaN,NaN
8,NaN,NaN,NaN,NaN,NaN,NaN,NaN,NaN
9,NaN,NaN,NaN,NaN,NaN,NaN,NaN,NaN
10,NaN,NaN,NaN,NaN,NaN,NaN,NaN,NaN
11,NaN,NaN,NaN,NaN,NaN,NaN,NaN,NaN
1,NaN,NaN,NaN,NaN,NaN,NaN,NaN,NaN
2,NaN,NaN,NaN,NaN,NaN,NaN,NaN,NaN
3,NaN,NaN,NaN,NaN,NaN,NaN,NaN,NaN
4,NaN,NaN,NaN,NaN,NaN,NaN,NaN,NaN
5,NaN,NaN,NaN,NaN,NaN,NaN,NaN,NaN
6,NaN,NaN,NaN,NaN,NaN,NaN,NaN,NaN
7,NaN,NaN,NaN,NaN,NaN,NaN,NaN,NaN
8,NaN,NaN,NaN,NaN,NaN,NaN,NaN,NaN
9,NaN,NaN,NaN,NaN,NaN,NaN,NaN,NaN
10,NaN,NaN,NaN,NaN,NaN,NaN,NaN,NaN
11,NaN,NaN,NaN,NaN,NaN,NaN,NaN,NaN
1,NaN,NaN,NaN,NaN,NaN,NaN,NaN,NaN
2,NaN,NaN,NaN,NaN,NaN,NaN,NaN,NaN
3,NaN,NaN,NaN,NaN,NaN,NaN,NaN,NaN
4,NaN,NaN,NaN,NaN,NaN,NaN,NaN,NaN
5,NaN,NaN,NaN,NaN,NaN,NaN,NaN,NaN
6,NaN,NaN,NaN,NaN,NaN,NaN,NaN,NaN
7,NaN,NaN,NaN,NaN,NaN,NaN,NaN,NaN
8,NaN,NaN,NaN,NaN,NaN,NaN,NaN,NaN
9,NaN,NaN,NaN,NaN,NaN,NaN,NaN,NaN
10,NaN,NaN,NaN,NaN,NaN,NaN,NaN,NaN
11,NaN,NaN,NaN,NaN,NaN,NaN,NaN,NaN
1,NaN,NaN,NaN,NaN,NaN,NaN,NaN,NaN
2,NaN,NaN,NaN,NaN,NaN,NaN,NaN,NaN
3,NaN,NaN,NaN,NaN,NaN,NaN,NaN,NaN
4,NaN,NaN,NaN,NaN,NaN,NaN,NaN,NaN
5,NaN,NaN,NaN,NaN,NaN,NaN,NaN,NaN
6,NaN,NaN,NaN,NaN,NaN,NaN,NaN,NaN
7,NaN,NaN,NaN,NaN,NaN,NaN,NaN,NaN
8,NaN,NaN,NaN,NaN,NaN,NaN,NaN,NaN
9,NaN,NaN,NaN,NaN,NaN,NaN,NaN,NaN
10,NaN,NaN,NaN,NaN,NaN,NaN,NaN,NaN
11,NaN,NaN,NaN,NaN,NaN,NaN,NaN,NaN
1,NaN,NaN,NaN,NaN,NaN,NaN,NaN,NaN
2,NaN,NaN,NaN,NaN,NaN,NaN,NaN,NaN
3,NaN,NaN,NaN,NaN,NaN,NaN,NaN,NaN
4,NaN,NaN,NaN,NaN,NaN,NaN,NaN,NaN
5,NaN,NaN,NaN,NaN,NaN,NaN,NaN,NaN
6,NaN,NaN,NaN,NaN,NaN,NaN,NaN,NaN
7,NaN,NaN,NaN,NaN,NaN,NaN,NaN,NaN
8,NaN,NaN,NaN,NaN,NaN,NaN,NaN,NaN
9,NaN,NaN,NaN,NaN,NaN,NaN,NaN,NaN
10,NaN,NaN,NaN,NaN,NaN,NaN,NaN,NaN
11,NaN,NaN,NaN,NaN,NaN,NaN,NaN,NaN
1,NaN,NaN,NaN,NaN,NaN,NaN,NaN,NaN
2,NaN,NaN,NaN,NaN,NaN,NaN,NaN,NaN
3,NaN,NaN,NaN,NaN,NaN,NaN,NaN,NaN
4,NaN,NaN,NaN,NaN,NaN,NaN,NaN,NaN
5,NaN,NaN,NaN,NaN,NaN,NaN,NaN,NaN
6,NaN,NaN,NaN,NaN,NaN,NaN,NaN,NaN
7,NaN,NaN,NaN,NaN,NaN,NaN,NaN,NaN
8,NaN,NaN,NaN,NaN,NaN,NaN,NaN,NaN
9,NaN,NaN,NaN,NaN,NaN,NaN,NaN,NaN
10,NaN,NaN,NaN,NaN,NaN,NaN,NaN,NaN
11,NaN,NaN,NaN,NaN,NaN,NaN,NaN,NaN
1,NaN,NaN,NaN,NaN,NaN,NaN,NaN,NaN
2,NaN,NaN,NaN,NaN,NaN,NaN,NaN,NaN
3,NaN,NaN,NaN,NaN,NaN,NaN,NaN,NaN
4,NaN,NaN,NaN,NaN,NaN,NaN,NaN,NaN
5,NaN,NaN,NaN,NaN,NaN,NaN,NaN,NaN
6,NaN,NaN,NaN,NaN,NaN,NaN,NaN,NaN
7,NaN,NaN,NaN,NaN,NaN,NaN,NaN,NaN
8,NaN,NaN,NaN,NaN,NaN,NaN,NaN,NaN
9,NaN,NaN,NaN,NaN,NaN,NaN,NaN,NaN
10,NaN,NaN,NaN,NaN,NaN,NaN,NaN,NaN
11,NaN,NaN,NaN,NaN,NaN,NaN,NaN,NaN
1,NaN,NaN,NaN,NaN,NaN,NaN,NaN,NaN
2,NaN,NaN,NaN,NaN,NaN,NaN,NaN,NaN
3,NaN,NaN,NaN,NaN,NaN,NaN,NaN,NaN
4,NaN,NaN,NaN,NaN,NaN,NaN,NaN,NaN
5,NaN,NaN,NaN,NaN,NaN,NaN,NaN,NaN
6,NaN,NaN,NaN,NaN,NaN,NaN,NaN,NaN
7,NaN,NaN,NaN,NaN,NaN,NaN,NaN,NaN
8,NaN,NaN,NaN,NaN,NaN,NaN,NaN,NaN
9,NaN,NaN,NaN,NaN,NaN,NaN,NaN,NaN
10,NaN,NaN,NaN,NaN,NaN,NaN,NaN,NaN
11,NaN,NaN,NaN,NaN,NaN,NaN,NaN,NaN
1,NaN,NaN,NaN,NaN,NaN,NaN,NaN,NaN
2,NaN,NaN,NaN,NaN,NaN,NaN,NaN,NaN
3,NaN,NaN,NaN,NaN,NaN,NaN,NaN,NaN
4,NaN,NaN,NaN,NaN,NaN,NaN,NaN,NaN
5,NaN,NaN,NaN,NaN,NaN,NaN,NaN,NaN
6,NaN,NaN,NaN,NaN,NaN,NaN,NaN,NaN
7,NaN,NaN,NaN,NaN,NaN,NaN,NaN,NaN
8,NaN,NaN,NaN,NaN,NaN,NaN,NaN,NaN
9,NaN,NaN,NaN,NaN,NaN,NaN,NaN,NaN
10,NaN,NaN,NaN,NaN,NaN,NaN,NaN,NaN
11,NaN,NaN,NaN,NaN,NaN,NaN,NaN,NaN
1,NaN,NaN,NaN,NaN,NaN,NaN,NaN,NaN
2,NaN,NaN,NaN,NaN,NaN,NaN,NaN,NaN
3,NaN,NaN,NaN,NaN,NaN,NaN,NaN,NaN
4,NaN,NaN,NaN,NaN,NaN,NaN,NaN,NaN
5,NaN,NaN,NaN,NaN,NaN,NaN,NaN,NaN
6,NaN,NaN,NaN,NaN,NaN,NaN,NaN,NaN
7,NaN,NaN,NaN,NaN,NaN,NaN,NaN,NaN
8,NaN,NaN,NaN,NaN,NaN,NaN,NaN,NaN
9,NaN,NaN,NaN,NaN,NaN,NaN,NaN,NaN
10,NaN,NaN,NaN,NaN,NaN,NaN,NaN,NaN
11,NaN,NaN,NaN,NaN,NaN,NaN,NaN,NaN
1,NaN,NaN,NaN,NaN,NaN,NaN,NaN,NaN
2,NaN,NaN,NaN,NaN,NaN,NaN,NaN,NaN
3,NaN,NaN,NaN,NaN,NaN,NaN,NaN,NaN
4,NaN,NaN,NaN,NaN,NaN,NaN,NaN,NaN
5,NaN,NaN,NaN,NaN,NaN,NaN,NaN,NaN
6,NaN,NaN,NaN,NaN,NaN,NaN,NaN,NaN
7,NaN,NaN,NaN,NaN,NaN,NaN,NaN,NaN
8,NaN,NaN,NaN,NaN,NaN,NaN,NaN,NaN
9,NaN,NaN,NaN,NaN,NaN,NaN,NaN,NaN
10,NaN,NaN,NaN,NaN,NaN,NaN,NaN,NaN
11,NaN,NaN,NaN,NaN,NaN,NaN,NaN,NaN
1,NaN,NaN,NaN,NaN,NaN,NaN,NaN,NaN
2,NaN,NaN,NaN,NaN,NaN,NaN,NaN,NaN
3,NaN,NaN,NaN,NaN,NaN,NaN,NaN,NaN
4,NaN,NaN,NaN,NaN,NaN,NaN,NaN,NaN
5,NaN,NaN,NaN,NaN,NaN,NaN,NaN,NaN
6,NaN,NaN,NaN,NaN,NaN,NaN,NaN,NaN
7,NaN,NaN,NaN,NaN,NaN,NaN,NaN,NaN
8,NaN,NaN,NaN,NaN,NaN,NaN,NaN,NaN
9,NaN,NaN,NaN,NaN,NaN,NaN,NaN,NaN
10,NaN,NaN,NaN,NaN,NaN,NaN,NaN,NaN
11,NaN,NaN,NaN,NaN,NaN,NaN,NaN,NaN
1,NaN,NaN,NaN,NaN,NaN,NaN,NaN,NaN
2,NaN,NaN,NaN,NaN,NaN,NaN,NaN,NaN
3,NaN,NaN,NaN,NaN,NaN,NaN,NaN,NaN
4,NaN,NaN,NaN,NaN,NaN,NaN,NaN,NaN
5,NaN,NaN,NaN,NaN,NaN,NaN,NaN,NaN
6,NaN,NaN,NaN,NaN,NaN,NaN,NaN,NaN
7,NaN,NaN,NaN,NaN,NaN,NaN,NaN,NaN
8,NaN,NaN,NaN,NaN,NaN,NaN,NaN,NaN
9,NaN,NaN,NaN,NaN,NaN,NaN,NaN,NaN
10,NaN,NaN,NaN,NaN,NaN,NaN,NaN,NaN
11,NaN,NaN,NaN,NaN,NaN,NaN,NaN,NaN
1,NaN,NaN,NaN,NaN,NaN,NaN,NaN,NaN
2,NaN,NaN,NaN,NaN,NaN,NaN,NaN,NaN
3,NaN,NaN,NaN,NaN,NaN,NaN,NaN,NaN
4,NaN,NaN,NaN,NaN,NaN,NaN,NaN,NaN
5,NaN,NaN,NaN,NaN,NaN,NaN,NaN,NaN
6,NaN,NaN,NaN,NaN,NaN,NaN,NaN,NaN
7,NaN,NaN,NaN,NaN,NaN,NaN,NaN,NaN
8,NaN,NaN,NaN,NaN,NaN,NaN,NaN,NaN
9,NaN,NaN,NaN,NaN,NaN,NaN,NaN,NaN
10,NaN,NaN,NaN,NaN,NaN,NaN,NaN,NaN
11,NaN,NaN,NaN,NaN,NaN,NaN,NaN,NaN
1,NaN,NaN,NaN,NaN,NaN,NaN,NaN,NaN
2,NaN,NaN,NaN,NaN,NaN,NaN,NaN,NaN
3,NaN,NaN,NaN,NaN,NaN,NaN,NaN,NaN
4,NaN,NaN,NaN,NaN,NaN,NaN,NaN,NaN
5,NaN,NaN,NaN,NaN,NaN,NaN,NaN,NaN
6,NaN,NaN,NaN,NaN,NaN,NaN,NaN,NaN
7,NaN,NaN,NaN,NaN,NaN,NaN,NaN,NaN
8,NaN,NaN,NaN,NaN,NaN,NaN,NaN,NaN
9,NaN,NaN,NaN,NaN,NaN,NaN,NaN,NaN
10,NaN,NaN,NaN,NaN,NaN,NaN,NaN,NaN
11,NaN,NaN,NaN,NaN,NaN,NaN,NaN,NaN
1,NaN,NaN,NaN,NaN,NaN,NaN,NaN,NaN
2,NaN,NaN,NaN,NaN,NaN,NaN,NaN,NaN
3,NaN,NaN,NaN,NaN,NaN,NaN,NaN,NaN
4,NaN,NaN,NaN,NaN,NaN,NaN,NaN,NaN
5,NaN,NaN,NaN,NaN,NaN,NaN,NaN,NaN
6,NaN,NaN,NaN,NaN,NaN,NaN,NaN,NaN
7,NaN,NaN,NaN,NaN,NaN,NaN,NaN,NaN
8,NaN,NaN,NaN,NaN,NaN,NaN,NaN,NaN
9,NaN,NaN,NaN,NaN,NaN,NaN,NaN,NaN
10,NaN,NaN,NaN,NaN,NaN,NaN,NaN,NaN
11,NaN,NaN,NaN,NaN,NaN,NaN,NaN,NaN
1,NaN,NaN,NaN,NaN,NaN,NaN,NaN,NaN
2,NaN,NaN,NaN,NaN,NaN,NaN,NaN,NaN
3,NaN,NaN,NaN,NaN,NaN,NaN,NaN,NaN
4,NaN,NaN,NaN,NaN,NaN,NaN,NaN,NaN
5,NaN,NaN,NaN,NaN,NaN,NaN,NaN,NaN
6,NaN,NaN,NaN,NaN,NaN,NaN,NaN,NaN
7,NaN,NaN,NaN,NaN,NaN,NaN,NaN,NaN
8,NaN,NaN,NaN,NaN,NaN,NaN,NaN,NaN
9,NaN,NaN,NaN,NaN,NaN,NaN,NaN,NaN
10,NaN,NaN,NaN,NaN,NaN,NaN,NaN,NaN
11,NaN,NaN,NaN,NaN,NaN,NaN,NaN,NaN
1,NaN,NaN,NaN,NaN,NaN,NaN,NaN,NaN
2,NaN,NaN,NaN,NaN,NaN,NaN,NaN,NaN
3,NaN,NaN,NaN,NaN,NaN,NaN,NaN,NaN
4,NaN,NaN,NaN,NaN,NaN,NaN,NaN,NaN
5,NaN,NaN,NaN,NaN,NaN,NaN,NaN,NaN
6,NaN,NaN,NaN,NaN,NaN,NaN,NaN,NaN
7,NaN,NaN,NaN,NaN,NaN,NaN,NaN,NaN
8,NaN,NaN,NaN,NaN,NaN,NaN,NaN,NaN
9,NaN,NaN,NaN,NaN,NaN,NaN,NaN,NaN
10,NaN,NaN,NaN,NaN,NaN,NaN,NaN,NaN
11,NaN,NaN,NaN,NaN,NaN,NaN,NaN,NaN
1,NaN,NaN,NaN,NaN,NaN,NaN,NaN,NaN
2,NaN,NaN,NaN,NaN,NaN,NaN,NaN,NaN
3,NaN,NaN,NaN,NaN,NaN,NaN,NaN,NaN
4,NaN,NaN,NaN,NaN,NaN,NaN,NaN,NaN
5,NaN,NaN,NaN,NaN,NaN,NaN,NaN,NaN
6,NaN,NaN,NaN,NaN,NaN,NaN,NaN,NaN
7,NaN,NaN,NaN,NaN,NaN,NaN,NaN,NaN
8,NaN,NaN,NaN,NaN,NaN,NaN,NaN,NaN
9,NaN,NaN,NaN,NaN,NaN,NaN,NaN,NaN
10,NaN,NaN,NaN,NaN,NaN,NaN,NaN,NaN
11,NaN,NaN,NaN,NaN,NaN,NaN,NaN,NaN
1,NaN,NaN,NaN,NaN,NaN,NaN,NaN,NaN
2,NaN,NaN,NaN,NaN,NaN,NaN,NaN,NaN
3,NaN,NaN,NaN,NaN,NaN,NaN,NaN,NaN
4,NaN,NaN,NaN,NaN,NaN,NaN,NaN,NaN
5,NaN,NaN,NaN,NaN,NaN,NaN,NaN,NaN
6,NaN,NaN,NaN,NaN,NaN,NaN,NaN,NaN
7,NaN,NaN,NaN,NaN,NaN,NaN,NaN,NaN
8,NaN,NaN,NaN,NaN,NaN,NaN,NaN,NaN
9,NaN,NaN,NaN,NaN,NaN,NaN,NaN,NaN
10,NaN,NaN,NaN,NaN,NaN,NaN,NaN,NaN
11,NaN,NaN,NaN,NaN,NaN,NaN,NaN,NaN
1,NaN,NaN,NaN,NaN,NaN,NaN,NaN,NaN
2,NaN,NaN,NaN,NaN,NaN,NaN,NaN,NaN
3,NaN,NaN,NaN,NaN,NaN,NaN,NaN,NaN
4,NaN,NaN,NaN,NaN,NaN,NaN,NaN,NaN
5,NaN,NaN,NaN,NaN,NaN,NaN,NaN,NaN
6,NaN,NaN,NaN,NaN,NaN,NaN,NaN,NaN
7,NaN,NaN,NaN,NaN,NaN,NaN,NaN,NaN
8,NaN,NaN,NaN,NaN,NaN,NaN,NaN,NaN
9,NaN,NaN,NaN,NaN,NaN,NaN,NaN,NaN
10,NaN,NaN,NaN,NaN,NaN,NaN,NaN,NaN
11,NaN,NaN,NaN,NaN,NaN,NaN,NaN,NaN
1,NaN,NaN,NaN,NaN,NaN,NaN,NaN,NaN
2,NaN,NaN,NaN,NaN,NaN,NaN,NaN,NaN
3,NaN,NaN,NaN,NaN,NaN,NaN,NaN,NaN
4,NaN,NaN,NaN,NaN,NaN,NaN,NaN,NaN
5,NaN,NaN,NaN,NaN,NaN,NaN,NaN,NaN
6,NaN,NaN,NaN,NaN,NaN,NaN,NaN,NaN
7,NaN,NaN,NaN,NaN,NaN,NaN,NaN,NaN
8,NaN,NaN,NaN,NaN,NaN,NaN,NaN,NaN
9,NaN,NaN,NaN,NaN,NaN,NaN,NaN,NaN
10,NaN,NaN,NaN,NaN,NaN,NaN,NaN,NaN
11,NaN,NaN,NaN,NaN,NaN,NaN,NaN,NaN
1,NaN,NaN,NaN,NaN,NaN,NaN,NaN,NaN
2,NaN,NaN,NaN,NaN,NaN,NaN,NaN,NaN
3,NaN,NaN,NaN,NaN,NaN,NaN,NaN,NaN
4,NaN,NaN,NaN,NaN,NaN,NaN,NaN,NaN
5,NaN,NaN,NaN,NaN,NaN,NaN,NaN,NaN
6,NaN,NaN,NaN,NaN,NaN,NaN,NaN,NaN
7,NaN,NaN,NaN,NaN,NaN,NaN,NaN,NaN
8,NaN,NaN,NaN,NaN,NaN,NaN,NaN,NaN
9,NaN,NaN,NaN,NaN,NaN,NaN,NaN,NaN
10,NaN,NaN,NaN,NaN,NaN,NaN,NaN,NaN
11,NaN,NaN,NaN,NaN,NaN,NaN,NaN,NaN
1,NaN,NaN,NaN,NaN,NaN,NaN,NaN,NaN
2,NaN,NaN,NaN,NaN,NaN,NaN,NaN,NaN
3,NaN,NaN,NaN,NaN,NaN,NaN,NaN,NaN
4,NaN,NaN,NaN,NaN,NaN,NaN,NaN,NaN
5,NaN,NaN,NaN,NaN,NaN,NaN,NaN,NaN
6,NaN,NaN,NaN,NaN,NaN,NaN,NaN,NaN
7,NaN,NaN,NaN,NaN,NaN,NaN,NaN,NaN
8,NaN,NaN,NaN,NaN,NaN,NaN,NaN,NaN
9,NaN,NaN,NaN,NaN,NaN,NaN,NaN,NaN
10,NaN,NaN,NaN,NaN,NaN,NaN,NaN,NaN
11,NaN,NaN,NaN,NaN,NaN,NaN,NaN,NaN
1,NaN,NaN,NaN,NaN,NaN,NaN,NaN,NaN
2,NaN,NaN,NaN,NaN,NaN,NaN,NaN,NaN
3,NaN,NaN,NaN,NaN,NaN,NaN,NaN,NaN
4,NaN,NaN,NaN,NaN,NaN,NaN,NaN,NaN
5,NaN,NaN,NaN,NaN,NaN,NaN,NaN,NaN
6,NaN,NaN,NaN,NaN,NaN,NaN,NaN,NaN
7,NaN,NaN,NaN,NaN,NaN,NaN,NaN,NaN
8,NaN,NaN,NaN,NaN,NaN,NaN,NaN,NaN
9,NaN,NaN,NaN,NaN,NaN,NaN,NaN,NaN
10,NaN,NaN,NaN,NaN,NaN,NaN,NaN,NaN
11,NaN,NaN,NaN,NaN,NaN,NaN,NaN,NaN
1,NaN,NaN,NaN,NaN,NaN,NaN,NaN,NaN
2,NaN,NaN,NaN,NaN,NaN,NaN,NaN,NaN
3,NaN,NaN,NaN,NaN,NaN,NaN,NaN,NaN
4,NaN,NaN,NaN,NaN,NaN,NaN,NaN,NaN
5,NaN,NaN,NaN,NaN,NaN,NaN,NaN,NaN
6,NaN,NaN,NaN,NaN,NaN,NaN,NaN,NaN
7,NaN,NaN,NaN,NaN,NaN,NaN,NaN,NaN
8,NaN,NaN,NaN,NaN,NaN,NaN,NaN,NaN
9,NaN,NaN,NaN,NaN,NaN,NaN,NaN,NaN
10,NaN,NaN,NaN,NaN,NaN,NaN,NaN,NaN
11,NaN,NaN,NaN,NaN,NaN,NaN,NaN,NaN
1,NaN,NaN,NaN,NaN,NaN,NaN,NaN,NaN
2,NaN,NaN,NaN,NaN,NaN,NaN,NaN,NaN
3,NaN,NaN,NaN,NaN,NaN,NaN,NaN,NaN
4,NaN,NaN,NaN,NaN,NaN,NaN,NaN,NaN
5,NaN,NaN,NaN,NaN,NaN,NaN,NaN,NaN
6,NaN,NaN,NaN,NaN,NaN,NaN,NaN,NaN
7,NaN,NaN,NaN,NaN,NaN,NaN,NaN,NaN
8,NaN,NaN,NaN,NaN,NaN,NaN,NaN,NaN
9,NaN,NaN,NaN,NaN,NaN,NaN,NaN,NaN
10,NaN,NaN,NaN,NaN,NaN,NaN,NaN,NaN
11,NaN,NaN,NaN,NaN,NaN,NaN,NaN,NaN
1,NaN,NaN,NaN,NaN,NaN,NaN,NaN,NaN
2,NaN,NaN,NaN,NaN,NaN,NaN,NaN,NaN
3,NaN,NaN,NaN,NaN,NaN,NaN,NaN,NaN
4,NaN,NaN,NaN,NaN,NaN,NaN,NaN,NaN
5,NaN,NaN,NaN,NaN,NaN,NaN,NaN,NaN
6,NaN,NaN,NaN,NaN,NaN,NaN,NaN,NaN
7,NaN,NaN,NaN,NaN,NaN,NaN,NaN,NaN
8,NaN,NaN,NaN,NaN,NaN,NaN,NaN,NaN
9,NaN,NaN,NaN,NaN,NaN,NaN,NaN,NaN
10,NaN,NaN,NaN,NaN,NaN,NaN,NaN,NaN
11,NaN,NaN,NaN,NaN,NaN,NaN,NaN,NaN
1,NaN,NaN,NaN,NaN,NaN,NaN,NaN,NaN
2,NaN,NaN,NaN,NaN,NaN,NaN,NaN,NaN
3,NaN,NaN,NaN,NaN,NaN,NaN,NaN,NaN
4,NaN,NaN,NaN,NaN,NaN,NaN,NaN,NaN
5,NaN,NaN,NaN,NaN,NaN,NaN,NaN,NaN
6,NaN,NaN,NaN,NaN,NaN,NaN,NaN,NaN
7,NaN,NaN,NaN,NaN,NaN,NaN,NaN,NaN
8,NaN,NaN,NaN,NaN,NaN,NaN,NaN,NaN
9,NaN,NaN,NaN,NaN,NaN,NaN,NaN,NaN
10,NaN,NaN,NaN,NaN,NaN,NaN,NaN,NaN
11,NaN,NaN,NaN,NaN,NaN,NaN,NaN,NaN
1,NaN,NaN,NaN,NaN,NaN,NaN,NaN,NaN
2,NaN,NaN,NaN,NaN,NaN,NaN,NaN,NaN
3,NaN,NaN,NaN,NaN,NaN,NaN,NaN,NaN
4,NaN,NaN,NaN,NaN,NaN,NaN,NaN,NaN
5,NaN,NaN,NaN,NaN,NaN,NaN,NaN,NaN
6,NaN,NaN,NaN,NaN,NaN,NaN,NaN,NaN
7,NaN,NaN,NaN,NaN,NaN,NaN,NaN,NaN
8,NaN,NaN,NaN,NaN,NaN,NaN,NaN,NaN
9,NaN,NaN,NaN,NaN,NaN,NaN,NaN,NaN
10,NaN,NaN,NaN,NaN,NaN,NaN,NaN,NaN
11,NaN,NaN,NaN,NaN,NaN,NaN,NaN,NaN
1,NaN,NaN,NaN,NaN,NaN,NaN,NaN,NaN
2,NaN,NaN,NaN,NaN,NaN,NaN,NaN,NaN
3,NaN,NaN,NaN,NaN,NaN,NaN,NaN,NaN
4,NaN,NaN,NaN,NaN,NaN,NaN,NaN,NaN
5,NaN,NaN,NaN,NaN,NaN,NaN,NaN,NaN
6,NaN,NaN,NaN,NaN,NaN,NaN,NaN,NaN
7,NaN,NaN,NaN,NaN,NaN,NaN,NaN,NaN
8,NaN,NaN,NaN,NaN,NaN,NaN,NaN,NaN
9,NaN,NaN,NaN,NaN,NaN,NaN,NaN,NaN
10,NaN,NaN,NaN,NaN,NaN,NaN,NaN,NaN
11,NaN,NaN,NaN,NaN,NaN,NaN,NaN,NaN
1,NaN,NaN,NaN,NaN,NaN,NaN,NaN,NaN
2,NaN,NaN,NaN,NaN,NaN,NaN,NaN,NaN
3,NaN,NaN,NaN,NaN,NaN,NaN,NaN,NaN
4,NaN,NaN,NaN,NaN,NaN,NaN,NaN,NaN
5,NaN,NaN,NaN,NaN,NaN,NaN,NaN,NaN
6,NaN,NaN,NaN,NaN,NaN,NaN,NaN,NaN
7,NaN,NaN,NaN,NaN,NaN,NaN,NaN,NaN
8,NaN,NaN,NaN,NaN,NaN,NaN,NaN,NaN
9,NaN,NaN,NaN,NaN,NaN,NaN,NaN,NaN
10,NaN,NaN,NaN,NaN,NaN,NaN,NaN,NaN
11,NaN,NaN,NaN,NaN,NaN,NaN,NaN,NaN
1,NaN,NaN,NaN,NaN,NaN,NaN,NaN,NaN
2,NaN,NaN,NaN,NaN,NaN,NaN,NaN,NaN
3,NaN,NaN,NaN,NaN,NaN,NaN,NaN,NaN
4,NaN,NaN,NaN,NaN,NaN,NaN,NaN,NaN
5,NaN,NaN,NaN,NaN,NaN,NaN,NaN,NaN
6,NaN,NaN,NaN,NaN,NaN,NaN,NaN,NaN
7,NaN,NaN,NaN,NaN,NaN,NaN,NaN,NaN
8,NaN,NaN,NaN,NaN,NaN,NaN,NaN,NaN
9,NaN,NaN,NaN,NaN,NaN,NaN,NaN,NaN
10,NaN,NaN,NaN,NaN,NaN,NaN,NaN,NaN
11,NaN,NaN,NaN,NaN,NaN,NaN,NaN,NaN
1,NaN,NaN,NaN,NaN,NaN,NaN,NaN,NaN
2,NaN,NaN,NaN,NaN,NaN,NaN,NaN,NaN
3,NaN,NaN,NaN,NaN,NaN,NaN,NaN,NaN
4,NaN,NaN,NaN,NaN,NaN,NaN,NaN,NaN
5,NaN,NaN,NaN,NaN,NaN,NaN,NaN,NaN
6,NaN,NaN,NaN,NaN,NaN,NaN,NaN,NaN
7,NaN,NaN,NaN,NaN,NaN,NaN,NaN,NaN
8,NaN,NaN,NaN,NaN,NaN,NaN,NaN,NaN
9,NaN,NaN,NaN,NaN,NaN,NaN,NaN,NaN
10,NaN,NaN,NaN,NaN,NaN,NaN,NaN,NaN
11,NaN,NaN,NaN,NaN,NaN,NaN,NaN,NaN
1,NaN,NaN,NaN,NaN,NaN,NaN,NaN,NaN
2,NaN,NaN,NaN,NaN,NaN,NaN,NaN,NaN
3,NaN,NaN,NaN,NaN,NaN,NaN,NaN,NaN
4,NaN,NaN,NaN,NaN,NaN,NaN,NaN,NaN
5,NaN,NaN,NaN,NaN,NaN,NaN,NaN,NaN
6,NaN,NaN,NaN,NaN,NaN,NaN,NaN,NaN
7,NaN,NaN,NaN,NaN,NaN,NaN,NaN,NaN
8,NaN,NaN,NaN,NaN,NaN,NaN,NaN,NaN
9,NaN,NaN,NaN,NaN,NaN,NaN,NaN,NaN
10,NaN,NaN,NaN,NaN,NaN,NaN,NaN,NaN
11,NaN,NaN,NaN,NaN,NaN,NaN,NaN,NaN
1,NaN,NaN,NaN,NaN,NaN,NaN,NaN,NaN
2,NaN,NaN,NaN,NaN,NaN,NaN,NaN,NaN
3,NaN,NaN,NaN,NaN,NaN,NaN,NaN,NaN
4,NaN,NaN,NaN,NaN,NaN,NaN,NaN,NaN
5,NaN,NaN,NaN,NaN,NaN,NaN,NaN,NaN
6,NaN,NaN,NaN,NaN,NaN,NaN,NaN,NaN
7,NaN,NaN,NaN,NaN,NaN,NaN,NaN,NaN
8,NaN,NaN,NaN,NaN,NaN,NaN,NaN,NaN
9,NaN,NaN,NaN,NaN,NaN,NaN,NaN,NaN
10,NaN,NaN,NaN,NaN,NaN,NaN,NaN,NaN
11,NaN,NaN,NaN,NaN,NaN,NaN,NaN,NaN
1,NaN,NaN,NaN,NaN,NaN,NaN,NaN,NaN
2,NaN,NaN,NaN,NaN,NaN,NaN,NaN,NaN
3,NaN,NaN,NaN,NaN,NaN,NaN,NaN,NaN
4,NaN,NaN,NaN,NaN,NaN,NaN,NaN,NaN
5,NaN,NaN,NaN,NaN,NaN,NaN,NaN,NaN
6,NaN,NaN,NaN,NaN,NaN,NaN,NaN,NaN
7,NaN,NaN,NaN,NaN,NaN,NaN,NaN,NaN
8,NaN,NaN,NaN,NaN,NaN,NaN,NaN,NaN
9,NaN,NaN,NaN,NaN,NaN,NaN,NaN,NaN
10,NaN,NaN,NaN,NaN,NaN,NaN,NaN,NaN
11,NaN,NaN,NaN,NaN,NaN,NaN,NaN,NaN
1,NaN,NaN,NaN,NaN,NaN,NaN,NaN,NaN
2,NaN,NaN,NaN,NaN,NaN,NaN,NaN,NaN
3,NaN,NaN,NaN,NaN,NaN,NaN,NaN,NaN
4,NaN,NaN,NaN,NaN,NaN,NaN,NaN,NaN
5,NaN,NaN,NaN,NaN,NaN,NaN,NaN,NaN
6,NaN,NaN,NaN,NaN,NaN,NaN,NaN,NaN
7,NaN,NaN,NaN,NaN,NaN,NaN,NaN,NaN
8,NaN,NaN,NaN,NaN,NaN,NaN,NaN,NaN
9,NaN,NaN,NaN,NaN,NaN,NaN,NaN,NaN
10,NaN,NaN,NaN,NaN,NaN,NaN,NaN,NaN
11,NaN,NaN,NaN,NaN,NaN,NaN,NaN,NaN
1,NaN,NaN,NaN,NaN,NaN,NaN,NaN,NaN
2,NaN,NaN,NaN,NaN,NaN,NaN,NaN,NaN
3,NaN,NaN,NaN,NaN,NaN,NaN,NaN,NaN
4,NaN,NaN,NaN,NaN,NaN,NaN,NaN,NaN
5,NaN,NaN,NaN,NaN,NaN,NaN,NaN,NaN
6,NaN,NaN,NaN,NaN,NaN,NaN,NaN,NaN
7,NaN,NaN,NaN,NaN,NaN,NaN,NaN,NaN
8,NaN,NaN,NaN,NaN,NaN,NaN,NaN,NaN
9,NaN,NaN,NaN,NaN,NaN,NaN,NaN,NaN
10,NaN,NaN,NaN,NaN,NaN,NaN,NaN,NaN
11,NaN,NaN,NaN,NaN,NaN,NaN,NaN,NaN
1,NaN,NaN,NaN,NaN,NaN,NaN,NaN,NaN
2,NaN,NaN,NaN,NaN,NaN,NaN,NaN,NaN
3,NaN,NaN,NaN,NaN,NaN,NaN,NaN,NaN
4,NaN,NaN,NaN,NaN,NaN,NaN,NaN,NaN
5,NaN,NaN,NaN,NaN,NaN,NaN,NaN,NaN
6,NaN,NaN,NaN,NaN,NaN,NaN,NaN,NaN
7,NaN,NaN,NaN,NaN,NaN,NaN,NaN,NaN
8,NaN,NaN,NaN,NaN,NaN,NaN,NaN,NaN
9,NaN,NaN,NaN,NaN,NaN,NaN,NaN,NaN
10,NaN,NaN,NaN,NaN,NaN,NaN,NaN,NaN
11,NaN,NaN,NaN,NaN,NaN,NaN,NaN,NaN
1,NaN,NaN,NaN,NaN,NaN,NaN,NaN,NaN
2,NaN,NaN,NaN,NaN,NaN,NaN,NaN,NaN
3,NaN,NaN,NaN,NaN,NaN,NaN,NaN,NaN
4,NaN,NaN,NaN,NaN,NaN,NaN,NaN,NaN
5,NaN,NaN,NaN,NaN,NaN,NaN,NaN,NaN
6,NaN,NaN,NaN,NaN,NaN,NaN,NaN,NaN
7,NaN,NaN,NaN,NaN,NaN,NaN,NaN,NaN
8,NaN,NaN,NaN,NaN,NaN,NaN,NaN,NaN
9,NaN,NaN,NaN,NaN,NaN,NaN,NaN,NaN
10,NaN,NaN,NaN,NaN,NaN,NaN,NaN,NaN
11,NaN,NaN,NaN,NaN,NaN,NaN,NaN,NaN
1,NaN,NaN,NaN,NaN,NaN,NaN,NaN,NaN
2,NaN,NaN,NaN,NaN,NaN,NaN,NaN,NaN
3,NaN,NaN,NaN,NaN,NaN,NaN,NaN,NaN
4,NaN,NaN,NaN,NaN,NaN,NaN,NaN,NaN
5,NaN,NaN,NaN,NaN,NaN,NaN,NaN,NaN
6,NaN,NaN,NaN,NaN,NaN,NaN,NaN,NaN
7,NaN,NaN,NaN,NaN,NaN,NaN,NaN,NaN
8,NaN,NaN,NaN,NaN,NaN,NaN,NaN,NaN
9,NaN,NaN,NaN,NaN,NaN,NaN,NaN,NaN
10,NaN,NaN,NaN,NaN,NaN,NaN,NaN,NaN
11,NaN,NaN,NaN,NaN,NaN,NaN,NaN,NaN
1,NaN,NaN,NaN,NaN,NaN,NaN,NaN,NaN
2,NaN,NaN,NaN,NaN,NaN,NaN,NaN,NaN
3,NaN,NaN,NaN,NaN,NaN,NaN,NaN,NaN
4,NaN,NaN,NaN,NaN,NaN,NaN,NaN,NaN
5,NaN,NaN,NaN,NaN,NaN,NaN,NaN,NaN
6,NaN,NaN,NaN,NaN,NaN,NaN,NaN,NaN
7,NaN,NaN,NaN,NaN,NaN,NaN,NaN,NaN
8,NaN,NaN,NaN,NaN,NaN,NaN,NaN,NaN
9,NaN,NaN,NaN,NaN,NaN,NaN,NaN,NaN
10,NaN,NaN,NaN,NaN,NaN,NaN,NaN,NaN
11,NaN,NaN,NaN,NaN,NaN,NaN,NaN,NaN
1,NaN,NaN,NaN,NaN,NaN,NaN,NaN,NaN
2,NaN,NaN,NaN,NaN,NaN,NaN,NaN,NaN
3,NaN,NaN,NaN,NaN,NaN,NaN,NaN,NaN
4,NaN,NaN,NaN,NaN,NaN,NaN,NaN,NaN
5,NaN,NaN,NaN,NaN,NaN,NaN,NaN,NaN
6,NaN,NaN,NaN,NaN,NaN,NaN,NaN,NaN
7,NaN,NaN,NaN,NaN,NaN,NaN,NaN,NaN
8,NaN,NaN,NaN,NaN,NaN,NaN,NaN,NaN
9,NaN,NaN,NaN,NaN,NaN,NaN,NaN,NaN
10,NaN,NaN,NaN,NaN,NaN,NaN,NaN,NaN
11,NaN,NaN,NaN,NaN,NaN,NaN,NaN,NaN
1,NaN,NaN,NaN,NaN,NaN,NaN,NaN,NaN
2,NaN,NaN,NaN,NaN,NaN,NaN,NaN,NaN
3,NaN,NaN,NaN,NaN,NaN,NaN,NaN,NaN
4,NaN,NaN,NaN,NaN,NaN,NaN,NaN,NaN
5,NaN,NaN,NaN,NaN,NaN,NaN,NaN,NaN
6,NaN,NaN,NaN,NaN,NaN,NaN,NaN,NaN
7,NaN,NaN,NaN,NaN,NaN,NaN,NaN,NaN
8,NaN,NaN,NaN,NaN,NaN,NaN,NaN,NaN
9,NaN,NaN,NaN,NaN,NaN,NaN,NaN,NaN
10,NaN,NaN,NaN,NaN,NaN,NaN,NaN,NaN
11,NaN,NaN,NaN,NaN,NaN,NaN,NaN,NaN
1,NaN,NaN,NaN,NaN,NaN,NaN,NaN,NaN
2,NaN,NaN,NaN,NaN,NaN,NaN,NaN,NaN
3,NaN,NaN,NaN,NaN,NaN,NaN,NaN,NaN
4,NaN,NaN,NaN,NaN,NaN,NaN,NaN,NaN
5,NaN,NaN,NaN,NaN,NaN,NaN,NaN,NaN
6,NaN,NaN,NaN,NaN,NaN,NaN,NaN,NaN
7,NaN,NaN,NaN,NaN,NaN,NaN,NaN,NaN
8,NaN,NaN,NaN,NaN,NaN,NaN,NaN,NaN
9,NaN,NaN,NaN,NaN,NaN,NaN,NaN,NaN
10,NaN,NaN,NaN,NaN,NaN,NaN,NaN,NaN
11,NaN,NaN,NaN,NaN,NaN,NaN,NaN,NaN
1,NaN,NaN,NaN,NaN,NaN,NaN,NaN,NaN
2,NaN,NaN,NaN,NaN,NaN,NaN,NaN,NaN
3,NaN,NaN,NaN,NaN,NaN,NaN,NaN,NaN
4,NaN,NaN,NaN,NaN,NaN,NaN,NaN,NaN
5,NaN,NaN,NaN,NaN,NaN,NaN,NaN,NaN
6,NaN,NaN,NaN,NaN,NaN,NaN,NaN,NaN
7,NaN,NaN,NaN,NaN,NaN,NaN,NaN,NaN
8,NaN,NaN,NaN,NaN,NaN,NaN,NaN,NaN
9,NaN,NaN,NaN,NaN,NaN,NaN,NaN,NaN
10,NaN,NaN,NaN,NaN,NaN,NaN,NaN,NaN
11,NaN,NaN,NaN,NaN,NaN,NaN,NaN,NaN
1,NaN,NaN,NaN,NaN,NaN,NaN,NaN,NaN
2,NaN,NaN,NaN,NaN,NaN,NaN,NaN,NaN
3,NaN,NaN,NaN,NaN,NaN,NaN,NaN,NaN
4,NaN,NaN,NaN,NaN,NaN,NaN,NaN,NaN
5,NaN,NaN,NaN,NaN,NaN,NaN,NaN,NaN
6,NaN,NaN,NaN,NaN,NaN,NaN,NaN,NaN
7,NaN,NaN,NaN,NaN,NaN,NaN,NaN,NaN
8,NaN,NaN,NaN,NaN,NaN,NaN,NaN,NaN
9,NaN,NaN,NaN,NaN,NaN,NaN,NaN,NaN
10,NaN,NaN,NaN,NaN,NaN,NaN,NaN,NaN
11,NaN,NaN,NaN,NaN,NaN,NaN,NaN,NaN
1,NaN,NaN,NaN,NaN,NaN,NaN,NaN,NaN
2,NaN,NaN,NaN,NaN,NaN,NaN,NaN,NaN
3,NaN,NaN,NaN,NaN,NaN,NaN,NaN,NaN
4,NaN,NaN,NaN,NaN,NaN,NaN,NaN,NaN
5,NaN,NaN,NaN,NaN,NaN,NaN,NaN,NaN
6,NaN,NaN,NaN,NaN,NaN,NaN,NaN,NaN
7,NaN,NaN,NaN,NaN,NaN,NaN,NaN,NaN
8,NaN,NaN,NaN,NaN,NaN,NaN,NaN,NaN
9,NaN,NaN,NaN,NaN,NaN,NaN,NaN,NaN
10,NaN,NaN,NaN,NaN,NaN,NaN,NaN,NaN
11,NaN,NaN,NaN,NaN,NaN,NaN,NaN,NaN
1,NaN,NaN,NaN,NaN,NaN,NaN,NaN,NaN
2,NaN,NaN,NaN,NaN,NaN,NaN,NaN,NaN
3,NaN,NaN,NaN,NaN,NaN,NaN,NaN,NaN
4,NaN,NaN,NaN,NaN,NaN,NaN,NaN,NaN
5,NaN,NaN,NaN,NaN,NaN,NaN,NaN,NaN
6,NaN,NaN,NaN,NaN,NaN,NaN,NaN,NaN
7,NaN,NaN,NaN,NaN,NaN,NaN,NaN,NaN
8,NaN,NaN,NaN,NaN,NaN,NaN,NaN,NaN
9,NaN,NaN,NaN,NaN,NaN,NaN,NaN,NaN
10,NaN,NaN,NaN,NaN,NaN,NaN,NaN,NaN
11,NaN,NaN,NaN,NaN,NaN,NaN,NaN,NaN
1,NaN,NaN,NaN,NaN,NaN,NaN,NaN,NaN
2,NaN,NaN,NaN,NaN,NaN,NaN,NaN,NaN
3,NaN,NaN,NaN,NaN,NaN,NaN,NaN,NaN
4,NaN,NaN,NaN,NaN,NaN,NaN,NaN,NaN
5,NaN,NaN,NaN,NaN,NaN,NaN,NaN,NaN
6,NaN,NaN,NaN,NaN,NaN,NaN,NaN,NaN
7,NaN,NaN,NaN,NaN,NaN,NaN,NaN,NaN
8,NaN,NaN,NaN,NaN,NaN,NaN,NaN,NaN
9,NaN,NaN,NaN,NaN,NaN,NaN,NaN,NaN
10,NaN,NaN,NaN,NaN,NaN,NaN,NaN,NaN
11,NaN,NaN,NaN,NaN,NaN,NaN,NaN,NaN
1,NaN,NaN,NaN,NaN,NaN,NaN,NaN,NaN
2,NaN,NaN,NaN,NaN,NaN,NaN,NaN,NaN
3,NaN,NaN,NaN,NaN,NaN,NaN,NaN,NaN
4,NaN,NaN,NaN,NaN,NaN,NaN,NaN,NaN
5,NaN,NaN,NaN,NaN,NaN,NaN,NaN,NaN
6,NaN,NaN,NaN,NaN,NaN,NaN,NaN,NaN
7,NaN,NaN,NaN,NaN,NaN,NaN,NaN,NaN
8,NaN,NaN,NaN,NaN,NaN,NaN,NaN,NaN
9,NaN,NaN,NaN,NaN,NaN,NaN,NaN,NaN
10,NaN,NaN,NaN,NaN,NaN,NaN,NaN,NaN
11,NaN,NaN,NaN,NaN,NaN,NaN,NaN,NaN
1,NaN,NaN,NaN,NaN,NaN,NaN,NaN,NaN
2,NaN,NaN,NaN,NaN,NaN,NaN,NaN,NaN
3,NaN,NaN,NaN,NaN,NaN,NaN,NaN,NaN
4,NaN,NaN,NaN,NaN,NaN,NaN,NaN,NaN
5,NaN,NaN,NaN,NaN,NaN,NaN,NaN,NaN
6,NaN,NaN,NaN,NaN,NaN,NaN,NaN,NaN
7,NaN,NaN,NaN,NaN,NaN,NaN,NaN,NaN
8,NaN,NaN,NaN,NaN,NaN,NaN,NaN,NaN
9,NaN,NaN,NaN,NaN,NaN,NaN,NaN,NaN
10,NaN,NaN,NaN,NaN,NaN,NaN,NaN,NaN
11,NaN,NaN,NaN,NaN,NaN,NaN,NaN,NaN
1,NaN,NaN,NaN,NaN,NaN,NaN,NaN,NaN
2,NaN,NaN,NaN,NaN,NaN,NaN,NaN,NaN
3,NaN,NaN,NaN,NaN,NaN,NaN,NaN,NaN
4,NaN,NaN,NaN,NaN,NaN,NaN,NaN,NaN
5,NaN,NaN,NaN,NaN,NaN,NaN,NaN,NaN
6,NaN,NaN,NaN,NaN,NaN,NaN,NaN,NaN
7,NaN,NaN,NaN,NaN,NaN,NaN,NaN,NaN
8,NaN,NaN,NaN,NaN,NaN,NaN,NaN,NaN
9,NaN,NaN,NaN,NaN,NaN,NaN,NaN,NaN
10,NaN,NaN,NaN,NaN,NaN,NaN,NaN,NaN
11,NaN,NaN,NaN,NaN,NaN,NaN,NaN,NaN
1,NaN,NaN,NaN,NaN,NaN,NaN,NaN,NaN
2,NaN,NaN,NaN,NaN,NaN,NaN,NaN,NaN
3,NaN,NaN,NaN,NaN,NaN,NaN,NaN,NaN
4,NaN,NaN,NaN,NaN,NaN,NaN,NaN,NaN
5,NaN,NaN,NaN,NaN,NaN,NaN,NaN,NaN
6,NaN,NaN,NaN,NaN,NaN,NaN,NaN,NaN
7,NaN,NaN,NaN,NaN,NaN,NaN,NaN,NaN
8,NaN,NaN,NaN,NaN,NaN,NaN,NaN,NaN
9,NaN,NaN,NaN,NaN,NaN,NaN,NaN,NaN
10,NaN,NaN,NaN,NaN,NaN,NaN,NaN,NaN
11,NaN,NaN,NaN,NaN,NaN,NaN,NaN,NaN
1,NaN,NaN,NaN,NaN,NaN,NaN,NaN,NaN
2,NaN,NaN,NaN,NaN,NaN,NaN,NaN,NaN
3,NaN,NaN,NaN,NaN,NaN,NaN,NaN,NaN
4,NaN,NaN,NaN,NaN,NaN,NaN,NaN,NaN
5,NaN,NaN,NaN,NaN,NaN,NaN,NaN,NaN
6,NaN,NaN,NaN,NaN,NaN,NaN,NaN,NaN
7,NaN,NaN,NaN,NaN,NaN,NaN,NaN,NaN
8,NaN,NaN,NaN,NaN,NaN,NaN,NaN,NaN
9,NaN,NaN,NaN,NaN,NaN,NaN,NaN,NaN
10,NaN,NaN,NaN,NaN,NaN,NaN,NaN,NaN
11,NaN,NaN,NaN,NaN,NaN,NaN,NaN,NaN
1,NaN,NaN,NaN,NaN,NaN,NaN,NaN,NaN
2,NaN,NaN,NaN,NaN,NaN,NaN,NaN,NaN
3,NaN,NaN,NaN,NaN,NaN,NaN,NaN,NaN
4,NaN,NaN,NaN,NaN,NaN,NaN,NaN,NaN
5,NaN,NaN,NaN,NaN,NaN,NaN,NaN,NaN
6,NaN,NaN,NaN,NaN,NaN,NaN,NaN,NaN
7,NaN,NaN,NaN,NaN,NaN,NaN,NaN,NaN
8,NaN,NaN,NaN,NaN,NaN,NaN,NaN,NaN
9,NaN,NaN,NaN,NaN,NaN,NaN,NaN,NaN
10,NaN,NaN,NaN,NaN,NaN,NaN,NaN,NaN
11,NaN,NaN,NaN,NaN,NaN,NaN,NaN,NaN
1,NaN,NaN,NaN,NaN,NaN,NaN,NaN,NaN
2,NaN,NaN,NaN,NaN,NaN,NaN,NaN,NaN
3,NaN,NaN,NaN,NaN,NaN,NaN,NaN,NaN
4,NaN,NaN,NaN,NaN,NaN,NaN,NaN,NaN
5,NaN,NaN,NaN,NaN,NaN,NaN,NaN,NaN
6,NaN,NaN,NaN,NaN,NaN,NaN,NaN,NaN
7,NaN,NaN,NaN,NaN,NaN,NaN,NaN,NaN
8,NaN,NaN,NaN,NaN,NaN,NaN,NaN,NaN
9,NaN,NaN,NaN,NaN,NaN,NaN,NaN,NaN
10,NaN,NaN,NaN,NaN,NaN,NaN,NaN,NaN
11,NaN,NaN,NaN,NaN,NaN,NaN,NaN,NaN
1,NaN,NaN,NaN,NaN,NaN,NaN,NaN,NaN
2,NaN,NaN,NaN,NaN,NaN,NaN,NaN,NaN
3,NaN,NaN,NaN,NaN,NaN,NaN,NaN,NaN
4,NaN,NaN,NaN,NaN,NaN,NaN,NaN,NaN
5,NaN,NaN,NaN,NaN,NaN,NaN,NaN,NaN
6,NaN,NaN,NaN,NaN,NaN,NaN,NaN,NaN
7,NaN,NaN,NaN,NaN,NaN,NaN,NaN,NaN
8,NaN,NaN,NaN,NaN,NaN,NaN,NaN,NaN
9,NaN,NaN,NaN,NaN,NaN,NaN,NaN,NaN
10,NaN,NaN,NaN,NaN,NaN,NaN,NaN,NaN
11,NaN,NaN,NaN,NaN,NaN,NaN,NaN,NaN
1,NaN,NaN,NaN,NaN,NaN,NaN,NaN,NaN
2,NaN,NaN,NaN,NaN,NaN,NaN,NaN,NaN
3,NaN,NaN,NaN,NaN,NaN,NaN,NaN,NaN
4,NaN,NaN,NaN,NaN,NaN,NaN,NaN,NaN
5,NaN,NaN,NaN,NaN,NaN,NaN,NaN,NaN
6,NaN,NaN,NaN,NaN,NaN,NaN,NaN,NaN
7,NaN,NaN,NaN,NaN,NaN,NaN,NaN,NaN
8,NaN,NaN,NaN,NaN,NaN,NaN,NaN,NaN
9,NaN,NaN,NaN,NaN,NaN,NaN,NaN,NaN
10,NaN,NaN,NaN,NaN,NaN,NaN,NaN,NaN
11,NaN,NaN,NaN,NaN,NaN,NaN,NaN,NaN
1,NaN,NaN,NaN,NaN,NaN,NaN,NaN,NaN
2,NaN,NaN,NaN,NaN,NaN,NaN,NaN,NaN
3,NaN,NaN,NaN,NaN,NaN,NaN,NaN,NaN
4,NaN,NaN,NaN,NaN,NaN,NaN,NaN,NaN
5,NaN,NaN,NaN,NaN,NaN,NaN,NaN,NaN
6,NaN,NaN,NaN,NaN,NaN,NaN,NaN,NaN
7,NaN,NaN,NaN,NaN,NaN,NaN,NaN,NaN
8,NaN,NaN,NaN,NaN,NaN,NaN,NaN,NaN
9,NaN,NaN,NaN,NaN,NaN,NaN,NaN,NaN
10,NaN,NaN,NaN,NaN,NaN,NaN,NaN,NaN
11,NaN,NaN,NaN,NaN,NaN,NaN,NaN,NaN
1,NaN,NaN,NaN,NaN,NaN,NaN,NaN,NaN
2,NaN,NaN,NaN,NaN,NaN,NaN,NaN,NaN
3,NaN,NaN,NaN,NaN,NaN,NaN,NaN,NaN
4,NaN,NaN,NaN,NaN,NaN,NaN,NaN,NaN
5,NaN,NaN,NaN,NaN,NaN,NaN,NaN,NaN
6,NaN,NaN,NaN,NaN,NaN,NaN,NaN,NaN
7,NaN,NaN,NaN,NaN,NaN,NaN,NaN,NaN
8,NaN,NaN,NaN,NaN,NaN,NaN,NaN,NaN
9,NaN,NaN,NaN,NaN,NaN,NaN,NaN,NaN
10,NaN,NaN,NaN,NaN,NaN,NaN,NaN,NaN
11,NaN,NaN,NaN,NaN,NaN,NaN,NaN,NaN
1,NaN,NaN,NaN,NaN,NaN,NaN,NaN,NaN
2,NaN,NaN,NaN,NaN,NaN,NaN,NaN,NaN
3,NaN,NaN,NaN,NaN,NaN,NaN,NaN,NaN
4,NaN,NaN,NaN,NaN,NaN,NaN,NaN,NaN
5,NaN,NaN,NaN,NaN,NaN,NaN,NaN,NaN
6,NaN,NaN,NaN,NaN,NaN,NaN,NaN,NaN
7,NaN,NaN,NaN,NaN,NaN,NaN,NaN,NaN
8,NaN,NaN,NaN,NaN,NaN,NaN,NaN,NaN
9,NaN,NaN,NaN,NaN,NaN,NaN,NaN,NaN
10,NaN,NaN,NaN,NaN,NaN,NaN,NaN,NaN
11,NaN,NaN,NaN,NaN,NaN,NaN,NaN,NaN
1,NaN,NaN,NaN,NaN,NaN,NaN,NaN,NaN
2,NaN,NaN,NaN,NaN,NaN,NaN,NaN,NaN
3,NaN,NaN,NaN,NaN,NaN,NaN,NaN,NaN
4,NaN,NaN,NaN,NaN,NaN,NaN,NaN,NaN
5,NaN,NaN,NaN,NaN,NaN,NaN,NaN,NaN
6,NaN,NaN,NaN,NaN,NaN,NaN,NaN,NaN
7,NaN,NaN,NaN,NaN,NaN,NaN,NaN,NaN
8,NaN,NaN,NaN,NaN,NaN,NaN,NaN,NaN
9,NaN,NaN,NaN,NaN,NaN,NaN,NaN,NaN
10,NaN,NaN,NaN,NaN,NaN,NaN,NaN,NaN
11,NaN,NaN,NaN,NaN,NaN,NaN,NaN,NaN
1,NaN,NaN,NaN,NaN,NaN,NaN,NaN,NaN
2,NaN,NaN,NaN,NaN,NaN,NaN,NaN,NaN
3,NaN,NaN,NaN,NaN,NaN,NaN,NaN,NaN
4,NaN,NaN,NaN,NaN,NaN,NaN,NaN,NaN
5,NaN,NaN,NaN,NaN,NaN,NaN,NaN,NaN
6,NaN,NaN,NaN,NaN,NaN,NaN,NaN,NaN
7,NaN,NaN,NaN,NaN,NaN,NaN,NaN,NaN
8,NaN,NaN,NaN,NaN,NaN,NaN,NaN,NaN
9,NaN,NaN,NaN,NaN,NaN,NaN,NaN,NaN
10,NaN,NaN,NaN,NaN,NaN,NaN,NaN,NaN
11,NaN,NaN,NaN,NaN,NaN,NaN,NaN,NaN
1,NaN,NaN,NaN,NaN,NaN,NaN,NaN,NaN
2,NaN,NaN,NaN,NaN,NaN,NaN,NaN,NaN
3,NaN,NaN,NaN,NaN,NaN,NaN,NaN,NaN
4,NaN,NaN,NaN,NaN,NaN,NaN,NaN,NaN
5,NaN,NaN,NaN,NaN,NaN,NaN,NaN,NaN
6,NaN,NaN,NaN,NaN,NaN,NaN,NaN,NaN
7,NaN,NaN,NaN,NaN,NaN,NaN,NaN,NaN
8,NaN,NaN,NaN,NaN,NaN,NaN,NaN,NaN
9,NaN,NaN,NaN,NaN,NaN,NaN,NaN,NaN
10,NaN,NaN,NaN,NaN,NaN,NaN,NaN,NaN
11,NaN,NaN,NaN,NaN,NaN,NaN,NaN,NaN
1,NaN,NaN,NaN,NaN,NaN,NaN,NaN,NaN
2,NaN,NaN,NaN,NaN,NaN,NaN,NaN,NaN
3,NaN,NaN,NaN,NaN,NaN,NaN,NaN,NaN
4,NaN,NaN,NaN,NaN,NaN,NaN,NaN,NaN
5,NaN,NaN,NaN,NaN,NaN,NaN,NaN,NaN
6,NaN,NaN,NaN,NaN,NaN,NaN,NaN,NaN
7,NaN,NaN,NaN,NaN,NaN,NaN,NaN,NaN
8,NaN,NaN,NaN,NaN,NaN,NaN,NaN,NaN
9,NaN,NaN,NaN,NaN,NaN,NaN,NaN,NaN
10,NaN,NaN,NaN,NaN,NaN,NaN,NaN,NaN
11,NaN,NaN,NaN,NaN,NaN,NaN,NaN,NaN
1,NaN,NaN,NaN,NaN,NaN,NaN,NaN,NaN
2,NaN,NaN,NaN,NaN,NaN,NaN,NaN,NaN
3,NaN,NaN,NaN,NaN,NaN,NaN,NaN,NaN
4,NaN,NaN,NaN,NaN,NaN,NaN,NaN,NaN
5,NaN,NaN,NaN,NaN,NaN,NaN,NaN,NaN
6,NaN,NaN,NaN,NaN,NaN,NaN,NaN,NaN
7,NaN,NaN,NaN,NaN,NaN,NaN,NaN,NaN
8,NaN,NaN,NaN,NaN,NaN,NaN,NaN,NaN
9,NaN,NaN,NaN,NaN,NaN,NaN,NaN,NaN
10,NaN,NaN,NaN,NaN,NaN,NaN,NaN,NaN
11,NaN,NaN,NaN,NaN,NaN,NaN,NaN,NaN
1,NaN,NaN,NaN,NaN,NaN,NaN,NaN,NaN
2,NaN,NaN,NaN,NaN,NaN,NaN,NaN,NaN
3,NaN,NaN,NaN,NaN,NaN,NaN,NaN,NaN
4,NaN,NaN,NaN,NaN,NaN,NaN,NaN,NaN
5,NaN,NaN,NaN,NaN,NaN,NaN,NaN,NaN
6,NaN,NaN,NaN,NaN,NaN,NaN,NaN,NaN
7,NaN,NaN,NaN,NaN,NaN,NaN,NaN,NaN
8,NaN,NaN,NaN,NaN,NaN,NaN,NaN,NaN
9,NaN,NaN,NaN,NaN,NaN,NaN,NaN,NaN
10,NaN,NaN,NaN,NaN,NaN,NaN,NaN,NaN
11,NaN,NaN,NaN,NaN,NaN,NaN,NaN,NaN
1,NaN,NaN,NaN,NaN,NaN,NaN,NaN,NaN
2,NaN,NaN,NaN,NaN,NaN,NaN,NaN,NaN
3,NaN,NaN,NaN,NaN,NaN,NaN,NaN,NaN
4,NaN,NaN,NaN,NaN,NaN,NaN,NaN,NaN
5,NaN,NaN,NaN,NaN,NaN,NaN,NaN,NaN
6,NaN,NaN,NaN,NaN,NaN,NaN,NaN,NaN
7,NaN,NaN,NaN,NaN,NaN,NaN,NaN,NaN
8,NaN,NaN,NaN,NaN,NaN,NaN,NaN,NaN
9,NaN,NaN,NaN,NaN,NaN,NaN,NaN,NaN
10,NaN,NaN,NaN,NaN,NaN,NaN,NaN,NaN
11,NaN,NaN,NaN,NaN,NaN,NaN,NaN,NaN
1,NaN,NaN,NaN,NaN,NaN,NaN,NaN,NaN
2,NaN,NaN,NaN,NaN,NaN,NaN,NaN,NaN
3,NaN,NaN,NaN,NaN,NaN,NaN,NaN,NaN
4,NaN,NaN,NaN,NaN,NaN,NaN,NaN,NaN
5,NaN,NaN,NaN,NaN,NaN,NaN,NaN,NaN
6,NaN,NaN,NaN,NaN,NaN,NaN,NaN,NaN
7,NaN,NaN,NaN,NaN,NaN,NaN,NaN,NaN
8,NaN,NaN,NaN,NaN,NaN,NaN,NaN,NaN
9,NaN,NaN,NaN,NaN,NaN,NaN,NaN,NaN
10,NaN,NaN,NaN,NaN,NaN,NaN,NaN,NaN
11,NaN,NaN,NaN,NaN,NaN,NaN,NaN,NaN
1,NaN,NaN,NaN,NaN,NaN,NaN,NaN,NaN
2,NaN,NaN,NaN,NaN,NaN,NaN,NaN,NaN
3,NaN,NaN,NaN,NaN,NaN,NaN,NaN,NaN
4,NaN,NaN,NaN,NaN,NaN,NaN,NaN,NaN
5,NaN,NaN,NaN,NaN,NaN,NaN,NaN,NaN
6,NaN,NaN,NaN,NaN,NaN,NaN,NaN,NaN
7,NaN,NaN,NaN,NaN,NaN,NaN,NaN,NaN
8,NaN,NaN,NaN,NaN,NaN,NaN,NaN,NaN
9,NaN,NaN,NaN,NaN,NaN,NaN,NaN,NaN
10,NaN,NaN,NaN,NaN,NaN,NaN,NaN,NaN
11,NaN,NaN,NaN,NaN,NaN,NaN,NaN,NaN
1,NaN,NaN,NaN,NaN,NaN,NaN,NaN,NaN
2,NaN,NaN,NaN,NaN,NaN,NaN,NaN,NaN
3,NaN,NaN,NaN,NaN,NaN,NaN,NaN,NaN
4,NaN,NaN,NaN,NaN,NaN,NaN,NaN,NaN
5,NaN,NaN,NaN,NaN,NaN,NaN,NaN,NaN
6,NaN,NaN,NaN,NaN,NaN,NaN,NaN,NaN
7,NaN,NaN,NaN,NaN,NaN,NaN,NaN,NaN
8,NaN,NaN,NaN,NaN,NaN,NaN,NaN,NaN
9,NaN,NaN,NaN,NaN,NaN,NaN,NaN,NaN
10,NaN,NaN,NaN,NaN,NaN,NaN,NaN,NaN
11,NaN,NaN,NaN,NaN,NaN,NaN,NaN,NaN
1,NaN,NaN,NaN,NaN,NaN,NaN,NaN,NaN
2,NaN,NaN,NaN,NaN,NaN,NaN,NaN,NaN
3,NaN,NaN,NaN,NaN,NaN,NaN,NaN,NaN
4,NaN,NaN,NaN,NaN,NaN,NaN,NaN,NaN
5,NaN,NaN,NaN,NaN,NaN,NaN,NaN,NaN
6,NaN,NaN,NaN,NaN,NaN,NaN,NaN,NaN
7,NaN,NaN,NaN,NaN,NaN,NaN,NaN,NaN
8,NaN,NaN,NaN,NaN,NaN,NaN,NaN,NaN
9,NaN,NaN,NaN,NaN,NaN,NaN,NaN,NaN
10,NaN,NaN,NaN,NaN,NaN,NaN,NaN,NaN
11,NaN,NaN,NaN,NaN,NaN,NaN,NaN,NaN
1,NaN,NaN,NaN,NaN,NaN,NaN,NaN,NaN
2,NaN,NaN,NaN,NaN,NaN,NaN,NaN,NaN
3,NaN,NaN,NaN,NaN,NaN,NaN,NaN,NaN
4,NaN,NaN,NaN,NaN,NaN,NaN,NaN,NaN
5,NaN,NaN,NaN,NaN,NaN,NaN,NaN,NaN
6,NaN,NaN,NaN,NaN,NaN,NaN,NaN,NaN
7,NaN,NaN,NaN,NaN,NaN,NaN,NaN,NaN
8,NaN,NaN,NaN,NaN,NaN,NaN,NaN,NaN
9,NaN,NaN,NaN,NaN,NaN,NaN,NaN,NaN
10,NaN,NaN,NaN,NaN,NaN,NaN,NaN,NaN
11,NaN,NaN,NaN,NaN,NaN,NaN,NaN,NaN
1,NaN,NaN,NaN,NaN,NaN,NaN,NaN,NaN
2,NaN,NaN,NaN,NaN,NaN,NaN,NaN,NaN
3,NaN,NaN,NaN,NaN,NaN,NaN,NaN,NaN
4,NaN,NaN,NaN,NaN,NaN,NaN,NaN,NaN
5,NaN,NaN,NaN,NaN,NaN,NaN,NaN,NaN
6,NaN,NaN,NaN,NaN,NaN,NaN,NaN,NaN
7,NaN,NaN,NaN,NaN,NaN,NaN,NaN,NaN
8,NaN,NaN,NaN,NaN,NaN,NaN,NaN,NaN
9,NaN,NaN,NaN,NaN,NaN,NaN,NaN,NaN
10,NaN,NaN,NaN,NaN,NaN,NaN,NaN,NaN
11,NaN,NaN,NaN,NaN,NaN,NaN,NaN,NaN
1,NaN,NaN,NaN,NaN,NaN,NaN,NaN,NaN
2,NaN,NaN,NaN,NaN,NaN,NaN,NaN,NaN
3,NaN,NaN,NaN,NaN,NaN,NaN,NaN,NaN
4,NaN,NaN,NaN,NaN,NaN,NaN,NaN,NaN
5,NaN,NaN,NaN,NaN,NaN,NaN,NaN,NaN
6,NaN,NaN,NaN,NaN,NaN,NaN,NaN,NaN
7,NaN,NaN,NaN,NaN,NaN,NaN,NaN,NaN
8,NaN,NaN,NaN,NaN,NaN,NaN,NaN,NaN
9,NaN,NaN,NaN,NaN,NaN,NaN,NaN,NaN
10,NaN,NaN,NaN,NaN,NaN,NaN,NaN,NaN
11,NaN,NaN,NaN,NaN,NaN,NaN,NaN,NaN
1,NaN,NaN,NaN,NaN,NaN,NaN,NaN,NaN
2,NaN,NaN,NaN,NaN,NaN,NaN,NaN,NaN
3,NaN,NaN,NaN,NaN,NaN,NaN,NaN,NaN
4,NaN,NaN,NaN,NaN,NaN,NaN,NaN,NaN
5,NaN,NaN,NaN,NaN,NaN,NaN,NaN,NaN
6,NaN,NaN,NaN,NaN,NaN,NaN,NaN,NaN
7,NaN,NaN,NaN,NaN,NaN,NaN,NaN,NaN
8,NaN,NaN,NaN,NaN,NaN,NaN,NaN,NaN
9,NaN,NaN,NaN,NaN,NaN,NaN,NaN,NaN
10,NaN,NaN,NaN,NaN,NaN,NaN,NaN,NaN
11,NaN,NaN,NaN,NaN,NaN,NaN,NaN,NaN
